image_id,file,age,gender,race,service_test,age_facellm,age_deepface,age_facellm_overlaps_gt,age_deepface_in_gt,gender_facellm,gender_deepface,gender_facellm_matches_gt,gender_deepface_matches_gt,race_facellm,race_deepface,race_facellm_matches_gt,race_deepface_matches_gt,expression_facellm,expression_deepface,expression_match
1,val/1.jpg,3-9,Male,East Asian,False,5-7 years,29,True,False,male,Man,True,True,Asian,asian,True,True,neutral,neutral,1
2,val/2.jpg,50-59,Female,East Asian,True,30-40,28,False,False,female,Man,True,False,Asian,asian,True,True,neutral,neutral,1
3,val/3.jpg,30-39,Male,White,True,30-40,26,True,False,male,Man,True,True,white,white,True,True,neutral,fear,0
4,val/4.jpg,20-29,Female,Latino_Hispanic,True,20-30,32,True,False,female,Woman,True,True,Hispanic,asian,True,False,happy,happy,1
5,val/5.jpg,20-29,Male,Southeast Asian,False,30-40,33,False,False,male,Man,True,True,Asian,asian,True,True,happy,happy,1
6,val/6.jpg,30-39,Male,Latino_Hispanic,False,30-40,28,True,False,male,Man,True,True,Middle Eastern,latino hispanic,False,True,Neutral,sad,0
7,val/7.jpg,20-29,Male,Black,True,20-25,27,True,True,male,Man,True,True,possibly African American,black,True,True,neutral,neutral,1
8,val/8.jpg,3-9,Male,East Asian,False,2-4 years,26,True,False,male,Man,True,True,Asian,asian,True,True,neutral,neutral,1
9,val/9.jpg,20-29,Male,Southeast Asian,False,20-30,34,True,False,male,Man,True,True,Asian,asian,True,True,happy,happy,1
10,val/10.jpg,3-9,Male,Southeast Asian,False,10-12 years,37,False,False,male,Man,True,True,Asian,white,True,False,happy,angry,0
